Symbol,Shortname,Revenuegrowth,Ebitda,Marketcap,Weight,Volatility,Average Close Price,Return,Average Volume
NVDA,NVIDIA Corporation,1.0,0.4518175821979716,1.0,1.0,0.14828187283511635,0.0980210031925723,0.39073879517561994,1.0
MSFT,Microsoft Corporation,0.3504273504273504,1.0,0.983980203876144,0.9839802038761443,0.32879551171933646,0.33708489491591126,0.3776609177110546,0.10629787261781638
AMZN,"Amazon.com, Inc.",0.31990231990231993,0.818390239713908,0.7163374192279366,0.7163374192279361,0.16330100087083863,0.16901521226302973,0.27715663102338456,0.1826673309045196
GOOG,Alphabet Inc.,0.34493284493284493,0.9048492277211422,0.7122634667205335,0.7122634667205333,0.1639575141619785,0.1434864237879461,0.22116290831614643,0.0888534260860248
META,"Meta Platforms, Inc.",0.36813186813186816,0.5829207917485197,0.4467075096546494,0.44670750965464917,0.49933238667568647,0.45604721320827496,0.45626872381283134,0.07061283457658432
TSLA,"Tesla, Inc.",0.30036630036630035,0.10313026315362808,0.4084826098264515,0.40848260982645207,0.6250238612945415,0.3248331665503919,0.34855136274234455,0.43617265173001957
V,Visa Inc.,0.3241758241758242,0.18844010343569614,0.1847797498054964,0.18477974980549647,0.16315608462781933,0.2427375693768732,0.373243507445114,0.031864187865360695
ORCL,Oracle Corporation,0.2948717948717949,0.16538338420964427,0.14203648601495938,0.1420364860149586,0.11336553982114841,0.12572181299568433,0.3697341113727982,0.0375938488195799
NFLX,"Netflix, Inc.",0.3443223443223443,0.07936728990567671,0.1159259169414439,0.11592591694144423,0.659695506157845,0.710333215404729,0.3701982444606373,0.013250042351437221
CRM,"Salesforce, Inc.",0.30402930402930406,0.07477123525905484,0.09778779770735738,0.09778779770735681,0.33246593284378534,0.26357936082666844,0.4051938130145868,0.028512681153227894
ABBV,AbbVie Inc.,0.2759462759462759,0.19321872279188618,0.09213786432960044,0.09213786432960049,0.13169086384863832,0.13056436218317857,0.36225639116633573,0.031027510690193143
CVX,Chevron Corporation,0.21367521367521367,0.29004963856957,0.07525233438467763,0.07525233438467686,0.03947734505402751,0.10452654865159515,0.3751084414173202,0.07102136567109382
MRK,"Merck & Company, Inc.",0.2796092796092796,0.173565965476056,0.07322947338336945,0.0732294733833685,0.03242470589877991,0.0691920777146505,0.3565759954016447,0.05567432823153473
CSCO,"Cisco Systems, Inc.",0.21855921855921856,0.10682515777783277,0.06868486480683074,0.06868486480683014,0.027825712376653242,0.03782161911469797,0.3701014625040302,0.08891651536558258
MCD,McDonald's Corporation,0.2692307692307693,0.10750521727935242,0.0615973905253348,0.06159739052533477,0.1456479712371939,0.22292935593027197,0.375202865193369,0.015025077121597957
PEP,"Pepsico, Inc.",0.2490842490842491,0.12981640932286703,0.061562759380711145,0.06156275938071127,0.057363009606799895,0.11226579750356276,0.38692441489713547,0.03333524442436796
DIS,Walt Disney Company (The),0.2753357753357753,0.12863811023211472,0.05951322075146639,0.05951322075146614,0.049903302233870586,0.0801580719477647,0.37138499103696077,0.04416359685068643
ABT,Abbott Laboratories,0.28266178266178266,0.08553587973993657,0.05806957286088444,0.058069572860883316,0.05168562371230474,0.08186941474185813,0.3783478374243881,0.024447963488752947
PM,Philip Morris International Inc,0.30402930402930406,0.11809166901070664,0.0565547962425335,0.05655479624253308,0.050142926638307835,0.08974552407498428,0.3841884002446584,0.023316058184601647
ISRG,"Intuitive Surgical, Inc.",0.35592185592185593,0.025021828681641864,0.054625769815756765,0.05462576981575701,0.3161341727231045,0.4062672411054819,0.3698340850826404,0.00550232756363879
CAT,"Caterpillar, Inc.",0.22710622710622713,0.12185929308942067,0.051567861645033485,0.05156786164503257,0.32017136659845064,0.2809224590237382,0.3815264857900618,0.00942564750093783
T,AT&T Inc.,0.2496947496947497,0.3179068146080967,0.047470750368453475,0.04747075036845334,0.0,0.009575798457082141,0.37174287006382595,0.17257057574101337
RTX,RTX Corporation,0.5531135531135531,0.09823525432630467,0.04497954768177644,0.04497954768177668,0.04163339979349825,0.08369166988226158,0.3704874210511839,0.02448151933571702
CMCSA,Comcast Corporation,0.29242979242979245,0.2779975970921855,0.042310256897114505,0.042310256897113215,0.01667286551168034,0.02176381700509305,0.3820092231702595,0.10174853551096066
ANET,"Arista Networks, Inc.",0.37484737484737485,0.027409267056567856,0.04105355646603372,0.041053556466033696,0.15787448883251148,0.07995405072776171,0.0,0.03417812333705489
PGR,Progressive Corporation (The),0.41575091575091583,0.08552278620373303,0.04058680747487002,0.04058680747486964,0.1363561704375897,0.18133003987008173,0.37029717312915095,0.010802253838274104
TJX,"TJX Companies, Inc. (The)",0.2869352869352869,0.05862426108975943,0.03954497393499007,0.03954497393498916,0.04859733092381103,0.08805354978157989,0.3710659946593936,0.025174884171831242
BSX,Boston Scientific Corporation,0.3705738705738706,0.036353075832204575,0.037706984913546945,0.03770698491354626,0.04360896971244664,0.061958138482338866,0.3805577085206611,0.024797834053998498
UBER,"Uber Technologies, Inc.",0.3772893772893773,0.031858106934580604,0.036729593274358964,0.036729593274357715,0.02885904176731326,0.03957775587130498,0.3941192644002203,0.1241322004556665
DE,Deere & Company,0.15018315018315018,0.11127648341677153,0.03356226950032524,0.03356226950032557,0.22825817276897387,0.33359015785266605,0.368989275167946,0.005252575237531153
UPS,"United Parcel Service, Inc.",0.2869352869352869,0.09414032163439373,0.030463103083933976,0.0304631030839328,0.10197068361031883,0.09101826339121942,0.36971539720202806,0.02029980729991656
VRTX,Vertex Pharmaceuticals Incorpor,0.3235653235653236,0.039143157203327804,0.028961506010130814,0.02896150601013052,0.29170265222841346,0.30522570779186065,0.3951174823454296,0.005665556372910328
SBUX,Starbucks Corporation,0.23321123321123322,0.05553306190183276,0.028181347150990816,0.028181347150990937,0.04021109047249388,0.061175030277595056,0.36484502558277515,0.04128010665734094
LRCX,Lam Research Corporation,0.373015873015873,0.04258782228496717,0.025942803002701655,0.02594280300270144,0.06418652732401092,0.04828308246584466,0.38964450723666866,0.05542836677877243
MO,"Altria Group, Inc.",0.2606837606837607,0.09565319855980747,0.025601682744140097,0.025601682744139168,0.01686472148249557,0.03416460329420828,0.36975602572830135,0.03859171448635814
SO,Southern Company (The),0.2783882783882784,0.10179922848441973,0.02546178446689352,0.02546178446689284,0.031799746214794304,0.05708894899425302,0.373824940986574,0.018449825021329084
EQIX,"Equinix, Inc.",0.36813186813186816,0.03118827722371827,0.02506010449976509,0.025060104499764542,0.36071402933567837,0.725095165845672,0.3812759154002356,0.0016142123168975471
SHW,Sherwin-Williams Company (The),0.25702075702075705,0.038802758777913796,0.024313367333086693,0.024313367333085503,0.2162293591014152,0.2647129240143564,0.36989861209074615,0.007745417925216135
ICE,Intercontinental Exchange Inc.,0.35836385836385837,0.04722682566680953,0.024099777085834682,0.024099777085833916,0.06760565449797289,0.1103869115743946,0.37536767121215087,0.013841075156881086
CME,CME Group Inc.,0.3656898656898657,0.037421539667898074,0.023994241186064642,0.023994241186064705,0.09629620895131812,0.18007957056164142,0.3788436204394333,0.00997207020303032
APH,Amphenol Corporation,0.4126984126984127,0.03288583966895839,0.02373141429061064,0.023731414290610826,0.043063234693683304,0.047534639707981975,0.4496204800853531,0.030569632226546715
TT,Trane Technologies plc,0.32234432234432236,0.033648821175780615,0.023660584193005117,0.02366058419300512,0.17424185595716976,0.28979385684622366,0.3699437210804238,0.005140903487608044
PH,Parker-Hannifin Corporation,0.2600732600732601,0.04289301414289878,0.02318935326080469,0.023189353260804298,0.4173009003866363,0.5031346846411108,0.3711206158324471,0.002326299840422106
DELL,Dell Technologies Inc.,0.3083028083028083,0.07026898783000032,0.022516340415732767,0.022516340415731573,0.13590531409938333,0.083349986984533,0.36533553893966136,0.03948382940533763
MSI,"Motorola Solutions, Inc.",0.3089133089133089,0.02972699799195298,0.02174008614598013,0.021740086145979404,0.26863008160502955,0.3629176724742058,0.3852296363654904,0.004953769654516297
WELL,Welltower Inc.,0.42857142857142855,0.02811711494464913,0.021459159774035192,0.021459159774035265,0.057173536811843034,0.09014175122060136,0.37134875847211485,0.01573077062428105
HCA,"HCA Healthcare, Inc.",0.300976800976801,0.1067887893265917,0.021244673636292774,0.02124467363629179,0.16338337589666382,0.23167173096596547,0.3708098869915938,0.006155641238526386
FTNT,"Fortinet, Inc.",0.33211233211233215,0.019368933691896247,0.0205112031146265,0.020511203114626012,0.09296142503139099,0.0684176952141359,0.375164780280601,0.021112672451750237
TDG,Transdigm Group Incorporated,0.3626373626373626,0.035080228450590105,0.01968092415971757,0.01968092415971755,1.0,1.0,0.36976783580765593,0.0009938546513526246
AJG,Arthur J. Gallagher & Co.,0.32539682539682535,0.03140133765796523,0.019365234748160116,0.01936523474815992,0.20206972233126527,0.21533978593787476,0.37503632073864457,0.007681039077163657
FDX,FedEx Corporation,0.3376068376068376,0.08597228625888388,0.018056120990513423,0.018056120990512098,0.5223927777892436,0.20963190499424272,0.36910105007888594,0.007593927148855666
BDX,"Becton, Dickinson and Company",0.2948717948717949,0.04396106461610122,0.017940430420893078,0.017940430420891818,0.12485555936556927,0.1715099358856321,0.37657248925376924,0.009230420040187811
WMB,"Williams Companies, Inc. (The)",0.2802197802197802,0.04945248848627891,0.017690062624717482,0.01769006262471665,0.022952056420405355,0.03391296243066189,0.3729971622012148,0.03538743725913911
HLT,Hilton Worldwide Holdings Inc.,0.29120879120879123,0.0246719769167362,0.016353043122586935,0.016353043122587053,0.16701180863185938,0.18882617450951533,0.36975708006750946,0.0060901765132468895
DLR,"Digital Realty Trust, Inc.",0.2625152625152625,0.023803509770977376,0.016223181307417626,0.016223181307417445,0.11815475603018404,0.1335485778768289,0.6403405071323502,0.008987241838790624
FCX,"Freeport-McMoRan, Inc.",0.3540903540903541,0.07880797693938549,0.014844913513957884,0.0148449135139574,0.023626668161414045,0.022329253552713497,0.3746325566427568,0.05557391341611413
JCI,Johnson Controls International ,0.19474969474969472,0.0303088708678918,0.014103533025836716,0.01410353302583586,0.05301591786794774,0.055397221959427506,0.351110224133188,0.01585055578983885
ALL,Allstate Corporation (The),0.3424908424908425,0.051845440223079,0.013452427191839962,0.0134524271918393,0.156460210478512,0.14457198016546743,0.3785697927403552,0.006255989935849951
PAYX,"Paychex, Inc.",0.268009768009768,0.023957727496023,0.013144974995624866,0.013144974995624151,0.06433487370970266,0.10189215894757257,0.37282849276721486,0.008627275834063758
PWR,"Quanta Services, Inc.",0.34737484737484736,0.02039505207816703,0.012608515769968662,0.01260851576996799,0.24874990347225714,0.25116382100946116,0.36058870434880474,0.003743546966842902
AXON,"Axon Enterprise, Inc.",0.4462759462759463,0.008133841034082429,0.012514992268524172,0.012514992268524407,0.6203888274426314,0.49125738723430057,0.3620481067781157,0.005685606935267396
O,Realty Income Corporation,0.42735042735042733,0.03942724150631016,0.011917450731515023,0.011917450731513735,0.027876856015912964,0.03329261445895713,0.38726568600833683,0.02224104445819412
DHI,"D.R. Horton, Inc.",0.22344322344322345,0.05191744722422558,0.011488676298513491,0.011488676298512607,0.06742173270852826,0.10191697391993891,0.36812154928835367,0.01287990653936733
NDAQ,"Nasdaq, Inc.",0.44261294261294265,0.025072014984442437,0.011448504320065134,0.011448504320064796,0.02717783950137156,0.053026949607544144,0.3706234745885462,0.012963830843291333
FAST,Fastenal Company,0.2741147741147741,0.019116546099208636,0.010903104853890068,0.010903104853890313,0.032275082766973134,0.050736566588221364,0.37209185103299947,0.012088194349511932
PEG,Public Service Enterprise Group,0.29914529914529914,0.03622215350412174,0.010755978482395193,0.010755978482394594,0.06351716217753758,0.05880255481343107,0.3824040686254434,0.010952789888785692
STZ,"Constellation Brands, Inc.",0.2704517704517705,0.035075137761173096,0.010438718773894826,0.010438718773894216,0.04383138574872187,0.17158889575007552,0.3697552319869583,0.007579770692624185
GLW,Corning Incorporated,0.2948717948717949,0.025762989490118085,0.010187367986764477,0.01018736798676353,0.011343665180249245,0.0289996259205366,0.3697830150102072,0.020450608757173194
BKR,Baker Hughes Company,0.2771672771672772,0.03834598950129842,0.010002194888151267,0.010002194888150613,0.018861080484186447,0.023482482502217298,0.3697543421475762,0.030497450988526013
VRSK,"Verisk Analytics, Inc.",0.2954822954822955,0.016714866269269463,0.00975855746928486,0.009758557469283584,0.1318412031122643,0.21045971887604786,0.37089547125080913,0.0026781775584415607
EA,Electronic Arts Inc.,0.28815628815628813,0.020547953374018126,0.009657784720622153,0.009657784720621138,0.05630393883110687,0.10846430906649672,0.3697633700880588,0.008707726726897123
VLO,Valero Energy Corporation,0.15995115995115997,0.06365018665918608,0.009287128694601134,0.00928712869460031,0.03032669782605401,0.08536913739498045,0.3690962586824657,0.013846701463506321
LEN,Lennar Corporation,0.300976800976801,0.047055775523208755,0.009215065503278955,0.009215065503278122,0.06005162711405408,0.10085220566022088,0.3762209674628961,0.011589363778377706
IR,Ingersoll Rand Inc.,0.2954822954822955,0.020628688468303787,0.00917963054579863,0.009179630545797823,0.06654675627333956,0.06456349147504613,0.36823318992119786,0.013050785145850868
IQV,"IQVIA Holdings, Inc.",0.278998778998779,0.027363139898949833,0.008758757369205556,0.00875875736920492,0.1872164413634196,0.14756502714586064,0.37140545901576827,0.006233851570856028
GIS,"General Mills, Inc.",0.2454212454212454,0.03745572400111203,0.008533745762493196,0.008533745762492703,0.018402100619682962,0.041890051448482464,0.3697518737366759,0.02074360490525268
CCL,Carnival Corporation,0.34554334554334554,0.049554317170564806,0.008530888867262673,0.008530888867262937,0.03324204862472112,0.012855044737885983,0.36989556764344045,0.12568568883308665
EFX,"Equifax, Inc.",0.30952380952380953,0.019149276215731044,0.007613015463946469,0.007613015463946272,0.16772253248519264,0.19605575781151213,0.3689180459843461,0.0052777398707518144
UAL,"United Airlines Holdings, Inc.",0.268009768009768,0.06122813941659584,0.00761289601188108,0.007612896011879897,0.0777037373265574,0.06871039165283897,0.3824610750490725,0.02785351112080908
WTW,Willis Towers Watson Public Lim,0.2875457875457875,0.025573879874441367,0.007599139737830103,0.007599139737830284,0.22128963001309732,0.24251556303523766,0.37810419041939997,0.0031187408968715823
TTWO,"Take-Two Interactive Software, ",0.2777777777777778,0.008005683533156904,0.007590514925421407,0.007590514925421062,0.10511866167603794,0.13569833474830117,0.40817534509500014,0.006173448220046838
HIG,Hartford Financial Services Gro,0.31074481074481075,0.0377422977890068,0.007522322105447024,0.007522322105447187,0.07355131618712123,0.07805955938758018,0.38758140773644834,0.00773820023323863
DXCM,"DexCom, Inc.",0.26495726495726496,0.012913781241700834,0.007379196755996461,0.007379196755996057,0.12585005587690667,0.05482977753828982,0.3810475578516212,0.018024850597369756
ED,"Consolidated Edison, Inc.",0.2875457875457875,0.047212276051921256,0.007357442170733899,0.007357442170733339,0.03209820179143088,0.06276415652102468,0.37121691244909105,0.010126314706642093
IRM,Iron Mountain Incorporated (Del,0.3272283272283273,0.02136243016486264,0.007251432817725523,0.007251432817725781,0.0899268466169871,0.07472246420840715,0.36464051497714883,0.008001133534115365
EIX,Edison International,0.3174603174603175,0.053671068698828546,0.00723427589268804,0.007234275892686754,0.03668626621128127,0.054449568450472344,0.36843335623221773,0.009531472881377644
WEC,"WEC Energy Group, Inc.",0.22344322344322345,0.0321795930950317,0.006963691456591747,0.006963691456590557,0.034472608493301866,0.06633602726632325,0.36065365586141146,0.007698957481436178
ANSS,"ANSYS, Inc.",0.44322344322344326,0.012882570977130378,0.006871305238353136,0.006871305238352288,0.1830814876234477,0.2590312746222037,0.3757973225920794,0.0018433363176225523
BRO,"Brown & Brown, Inc.",0.31318681318681324,0.017917160866428895,0.00682340744871736,0.006823407448717207,0.03714691545087833,0.07296401740478575,0.37127614634058265,0.005410672497482721
CSGP,"CoStar Group, Inc.",0.3192918192918193,0.00803986856461831,0.006779019807794696,0.006779019807794966,0.041346315585154204,0.04804349806109455,0.3823131066257015,0.011858392049258927
GDDY,GoDaddy Inc.,0.2973137973137973,0.014188082840006846,0.006642371000014373,0.006642371000013249,0.13664305800044654,0.1540138652922259,0.37008604690595803,0.005055261888527612
GPN,Global Payments Inc.,0.2838827838827839,0.038485233077005486,0.006543143040301447,0.006543143040300312,0.07070316332292309,0.08012243588554548,0.37687461983358483,0.008763420720276359
XYL,Xylem Inc.,0.2606837606837607,0.019085997307723545,0.006527194323133666,0.006527194323133911,0.039647950910351636,0.08420523029607609,0.37168717370716015,0.006296514007509675
HPE,Hewlett Packard Enterprise Comp,0.31440781440781446,0.04250638242625417,0.006516777107597979,0.006516777107598266,0.01833678797797494,0.00867341534511663,0.3722595762922408,0.06746399787054179
EQR,Equity Residential,0.2735042735042735,0.019865576621957353,0.006358871431494209,0.006358871431493398,0.0412659402312546,0.04793022111831678,0.38252695642502893,0.007148735125826222
ON,ON Semiconductor Corporation,0.13553113553113552,0.026560155330154264,0.00635438078041104,0.006354380780410777,0.05947247078782957,0.04343567729891557,0.3945109345941086,0.027989704579554468
PPG,"PPG Industries, Inc.",0.24358974358974358,0.02767589703526525,0.006354082150247571,0.006354082150247375,0.06289667529787536,0.08670690499285086,1.0,0.011737437517987285
K,Kellanova,0.24847374847374848,0.02158077772880953,0.0063113911019411165,0.006311391101940393,0.009560201998908037,0.05524682647295771,0.37201366236826056,0.009448976902189531
EL,"Estee Lauder Companies, Inc. (T",0.22527472527472528,0.024533783505195632,0.005991026884033018,0.0059910268840333335,0.028447797598058946,0.050425631184943996,0.3743385262879586,0.02063127307803335
MTD,"Mettler-Toledo International, I",0.2606837606837607,0.015110679059173602,0.005771797503860832,0.005771797503860535,0.9789013588602912,0.9645808138956656,0.3746592186257233,0.0
DOV,Dover Corporation,0.2606837606837607,0.01964559981395783,0.0057700940676367095,0.005770094067635769,0.06406327453042178,0.14125369755829703,0.37353600441501417,0.003169176360874795
VLTO,Veralto Corp,0.28144078144078144,0.01600207106524781,0.0057140548731693525,0.005714054873169382,0.06857872849369752,0.0739166960285997,0.34827527412207204,0.007179301625400312
EQT,EQT Corporation,0.3717948717948718,0.02572035170776249,0.005674438471254284,0.005674438471253753,0.021700957754781366,0.025584389380717804,0.3698266436087338,0.03293073526585067
DTE,DTE Energy Company,0.25641025641025644,0.03187992763292661,0.005442940990679076,0.005442940990678568,0.08051772055379222,0.08654870565621461,0.3797249248337243,0.0065880322699346325
ADM,Archer-Daniels-Midland Company,0.1813186813186813,0.03580756954551363,0.005221722609188951,0.005221722609188919,0.03359775920466122,0.031481262923111465,0.3714991641348546,0.015114746523922785
NTAP,"NetApp, Inc.",0.29914529914529914,0.018307742801653676,0.0051975447645790694,0.005197544764578199,0.09867057248422406,0.08520453966275893,0.37406352657592806,0.007475694479321508
WST,"West Pharmaceutical Services, I",0.25213675213675213,0.012217716046608174,0.005172995498703373,0.005172995498702105,0.19789155385314977,0.2536444444364335,0.36949502152357083,0.002064123946460509
PPL,PPL Corporation,0.2594627594627595,0.030628900949658148,0.00515221208361826,0.005152212083617302,0.007404854091225843,0.01723155760201809,0.3717995341976804,0.02034472156672432
EXPE,"Expedia Group, Inc.",0.27289377289377287,0.01931147351264814,0.005085245513752623,0.0050852455137520855,0.17065054533531396,0.1376652806048036,0.3721196566750984,0.006198598694126677
PHM,"PulteGroup, Inc.",0.3247863247863248,0.03435814562447187,0.004767409697895231,0.004767409697894375,0.0488681934483017,0.07899785253861202,0.36450522179840245,0.008846770395574622
FOXA,Fox Corporation,0.32051282051282054,0.028810547281352742,0.004548804330335461,0.004548804330335337,0.024978186593998575,0.030700334171929175,0.3360905787809301,0.018265539304554382
FOX,Fox Corporation,0.32051282051282054,0.028810547281352742,0.004547365928381418,0.004547365928380886,0.021653114344343104,0.02844641966884791,0.35049879920808885,0.005132610408298409
IFF,International Flavors & Fragran,0.2753357753357753,0.020446125620728835,0.004541551350240202,0.004541551350240404,0.038271816218055366,0.05938621382103807,0.36910478087195286,0.008499793204838731
TSN,"Tyson Foods, Inc.",0.2625152625152625,0.0296688107043591,0.0041596917159196925,0.004159691715918842,0.012776509810666636,0.03746729536693631,0.37113323969229006,0.009482725164248182
PKG,Packaging Corporation of Americ,0.3302808302808303,0.01862049900697249,0.004101535980168747,0.004101535980167696,0.05575405670355961,0.171791107433626,0.3718128352606018,0.0023515711992714754
CLX,Clorox Company (The),0.41819291819291826,0.016773053556863347,0.004065333916456011,0.0040653339164554315,0.03345136239076789,0.12165338413724136,0.3635765320354904,0.005414084276341219
INVH,Invitation Homes Inc.,0.28815628815628813,0.017039485233284617,0.0038631998688500933,0.0038631998688495924,0.012112763504855135,0.016991341555846806,0.37488905434156244,0.01545270566283549
FSLR,"First Solar, Inc.",0.3186813186813187,0.019289406100202734,0.0038137292936867126,0.003813729293686024,0.1973983748547531,0.13572435490222373,0.3871381284258751,0.010896015322200445
LH,Labcorp Holdings Inc.,0.2979242979242979,0.01897326013625785,0.00369053688550155,0.003690536885501871,0.06466878039776996,0.17236522573497798,0.3693096058654235,0.0019503309830966175
IP,International Paper Company,0.2625152625152625,0.02102072555121672,0.0036284398537389843,0.003628439853738481,0.015847599828038638,0.03463964608510679,0.3727590687645351,0.017320192914509397
ESS,"Essex Property Trust, Inc.",0.29914529914529914,0.01487070723716362,0.0036229786546245397,0.0036229786546239594,0.13976162121675895,0.21580548857461096,0.3785115574532751,0.0010495782334176637
PODD,Insulet Corporation,0.4096459096459097,0.009787669215719535,0.003562255943760106,0.003562255943758905,0.3078246063189533,0.20245099598681085,0.35979995929031056,0.0021682986687753055
FDS,FactSet Research Systems Inc.,0.28266178266178266,0.012846596802950036,0.0034619603812127767,0.0034619603812125663,0.28507066274080844,0.3744204578208234,0.3558251692884342,0.0006578334484150703
BBY,"Best Buy Co., Inc.",0.23382173382173385,0.026250306627221942,0.0034382360811636642,0.0034382360811627453,0.04777259660055802,0.0592468401212064,0.3636245889534328,0.01305839485935178
PFG,Principal Financial Group Inc,0.04212454212454213,0.006691378174630099,0.0032530119665641947,0.003253011966563341,0.06281738771092708,0.052729844059192295,0.36970714478643585,0.0058597631942430145
OMC,Omnicom Group Inc.,0.30463980463980467,0.024407225689180637,0.0031839201453685347,0.003183920145367512,0.057918542676036494,0.061815845127381856,0.37194184981714584,0.012162331214744243
HRL,Hormel Foods Corporation,0.2393162393162393,0.016648176189714065,0.003165586741916217,0.0031655867419159785,0.002811879576534562,0.016637966825399985,0.3725218726846656,0.011218655165976326
BLDR,"Builders FirstSource, Inc.",0.21184371184371184,0.02388738697879311,0.003143580809599401,0.003143580809598587,0.10876462346493575,0.11055526245688731,0.36524322696607475,0.005884131076733398
JBHT,"J.B. Hunt Transport Services, I",0.23443223443223446,0.018275426978618937,0.0030961900690953488,0.00309619006909494,0.12502209665301617,0.1261982448301005,0.36975110847861925,0.0032252773064456786
DG,Dollar General Corporation,0.2783882783882784,0.02880675812518463,0.0029862381757830053,0.0029862381757831116,0.058558631529098765,0.05195931936803336,0.3663848049562285,0.01791711903672952
UDR,"UDR, Inc.",0.25641025641025644,0.013996777468845485,0.002841587946060228,0.0028415879460599205,0.024716195273078823,0.02593367645685286,0.37808787119590415,0.008305973563292277
IEX,IDEX Corporation,0.25641025641025644,0.01307597853861793,0.0027674439868594592,0.0027674439868596397,0.13605804789750092,0.15943231050332415,0.3739451910133704,0.0020149328338630534
KIM,Kimco Realty Corporation (HC),0.336996336996337,0.015499057325442626,0.0026777868128126355,0.0026777868128127556,0.00807019357399575,0.010108024407301587,0.37167921366855083,0.019050634484037758
BAX,Baxter International Inc.,0.2759462759462759,0.02675944632466501,0.002457656564980651,0.0024576565649799685,0.011799007569447892,0.014879918631032035,0.3773776289189718,0.025606498230764302
VTRS,Viatris Inc.,0.22344322344322345,0.040162159051576704,0.0024216283911235176,0.002421628391122786,0.004194643648380853,0.0014916221854790928,0.36975788390977005,0.048313930127688406
FFIV,"F5, Inc.",0.2869352869352869,0.012489726720163947,0.002373588752160094,0.0023735887521598355,0.1223089742931417,0.1910396442395669,0.36976994680085173,0.0020056451055545338
DPZ,Domino's Pizza Inc,0.27167277167277165,0.013500898421495914,0.002352700194371592,0.00235270019437031,0.16717929536687445,0.32866367175793776,0.36955433550031536,0.0019561960856923173
RVTY,"Revvity, Inc.",0.26495726495726496,0.012533425373146952,0.0020434285316709424,0.0020434285316696162,0.0744453044072553,0.0805841019022419,0.37596623685192865,0.0035404194361663335
INCY,Incyte Corporation,0.398046398046398,0.0073866508006784435,0.001910751193991674,0.0019107511939910093,0.04247428592358744,0.04605411499785499,0.357278899431009,0.009893525714262146
KMX,CarMax Inc,0.2515262515262515,0.01354342588075423,0.001821986177558215,0.0018219861775582598,0.04476912229549046,0.05821542478014093,0.3757125496932971,0.009259506480394019
HST,"Host Hotels & Resorts, Inc.",0.3089133089133089,0.01782042473355322,0.001799324814247201,0.001799324814245907,0.017022646063348027,0.005985321212113961,0.36976769547035854,0.03707425247736863
SWK,"Stanley Black & Decker, Inc.",0.22161172161172163,0.018901980243457045,0.0017222306378898255,0.0017222306378887418,0.061677498145386596,0.05642261359859567,0.3725148233285568,0.007423325292447842
UHS,"Universal Health Services, Inc.",0.32112332112332115,0.02225030952075938,0.001491239584300168,0.0014912395842989774,0.10672620756096811,0.13397352301555418,0.37499545023628383,0.0026955022646558235
SOLV,Solventum Corporation,0.25518925518925517,0.020184282826556366,0.001389255517036889,0.0013892555170372251,0.021055595629236902,0.04442166615184389,0.37640962695489505,0.003727474236344095
ALLE,Allegion plc,0.2857142857142857,0.013262904967264125,0.00137253627183274,0.001372536271831572,0.04859424325572074,0.09610315865277026,0.3726858820093174,0.003277348818105406
BEN,"Franklin Resources, Inc.",0.32173382173382176,0.019081633726652305,0.001143514310883458,0.0011435143108829008,0.01661583859718961,0.007820945604241911,0.3745386640309372,0.01885042221975387
EMN,Eastman Chemical Company,0.3058608058608059,0.01904963071847567,0.0011130649217676353,0.0011130649217668894,0.06691108923262407,0.06415307450915243,0.369767979674801,0.004116372798531663
ALB,Albemarle Corporation,0.0,0.0,0.0010473700186814383,0.0010473700186810241,0.05633339531862921,0.061664426281551776,0.3803501630822606,0.00888689865993641
AOS,A.O. Smith Corporation,0.23015873015873017,0.012686123711738922,0.0009088868129073882,0.0009088868129061022,0.022350345216080137,0.045927368743173325,0.3700212209516403,0.004173884686965885
PNW,Pinnacle West Capital Corporati,0.3015873015873016,0.021189264796983246,0.0008165049496919943,0.0008165049496916036,0.028363365404627115,0.05878125176078262,0.3672844586961734,0.00485396665383474
ENPH,"Enphase Energy, Inc.",0.0641025641025641,0.007549640666639856,0.0008145131487162716,0.0008145131487151655,0.12800526856301253,0.0482348366667392,0.368927117106489,0.018411854526057467
LKQ,LKQ Corporation,0.25518925518925517,0.019398754444038963,0.0007944420910002669,0.000794442090999767,0.024350607048272962,0.020754843145482992,0.36970734808491706,0.010414171138138225
FRT,Federal Realty Investment Trust,0.28815628815628813,0.012176446363758487,0.0007920723362239034,0.0007920723362239869,0.06805403749417221,0.0800286310862249,0.38106052035784377,0.002389929235410579
AES,The AES Corporation,0.22710622710622713,0.031050759715710394,0.0006899489082176723,0.0006899489082167246,0.012484404365724427,0.0018586298399453683,0.3949772960744322,0.06451768986978473
HSIC,"Henry Schein, Inc.",0.25518925518925517,0.013507291575158429,0.000526476579222983,0.0005264765792221394,0.03533091805231357,0.04679839180265208,0.369755804580359,0.007026010671340343
PARA,Paramount Global,0.21855921855921856,0.02953061543082533,0.0001895892476920556,0.00018958924769161273,0.003817831671996598,0.0,0.3028952610872953,0.04952655292075471
CE,Celanese Corporation,0.23565323565323565,0.020264290812496255,0.00014836366469820925,0.00014836366469819944,0.03480213560802275,0.04547380873465442,0.3316149363294878,0.013149836224737435
HII,"Huntington Ingalls Industries, ",0.23809523809523808,0.014591029806594477,0.00014582126435859008,0.0001458212643576724,0.16619299004746535,0.14213454795829877,0.3760369507610023,0.0025455070971274626
BWA,BorgWarner Inc.,0.22344322344322345,0.020489766086424246,0.0,0.0,0.011823336834599367,0.016801527645646012,0.36976446459575424,0.011159065395236341
